{"cameraMode":{"drawMode":0,"name":"Shaded","section":"Shading Mode"},"sceneLighting":true,"audioPlay":false,"sceneViewState":{"m_AlwaysRefresh":false,"showFog":true,"showSkybox":true,"showFlares":true,"showImageEffects":true,"showParticleSystems":true,"showVisualEffectGraphs":true,"m_FxEnabled":true},"in2DMode":false,"pivot":{"x":17.896808624267579,"y":-40.61383056640625,"z":303.882568359375},"rotation":{"x":-0.09764163196086884,"y":-0.015825996175408365,"z":0.0015529723605141044,"w":-0.9950958490371704},"size":171.4384002685547,"orthographic":false}