{"cameraMode":{"drawMode":0,"name":"Shaded","section":"Shading Mode"},"sceneLighting":false,"audioPlay":false,"sceneViewState":{"showFog":true,"showMaterialUpdate":false,"showSkybox":false,"showFlares":true,"showImageEffects":true,"showParticleSystems":true},"in2DMode":false,"pivot":{"x":-6.849442481994629,"y":26.71040153503418,"z":9.545978546142579},"rotation":{"x":0.10054638236761093,"y":-0.11409030109643936,"z":0.011725738644599915,"w":0.9883419871330261},"size":49.88999938964844,"orthographic":false}